Platform,Asset,Asset_link,Company,Type,Date Posted
Virtualization Review,Ransomware Best Practices,https://virtualizationreview.com/whitepapers/2021/03/storagepipe-solutions-ransomware-best-practices-cq.aspx?tc=page0,storagepipe & veeam,White Paper,03.01.2021 MONTH ONLY
Virtualization Review,7 Critical Reasons for Office 365 Backup,https://virtualizationreview.com/whitepapers/2021/03/isg-technology-7-critical-reasons-for-office-365-backup.aspx?tc=page0,isg,White Paper,03.01.2021 MONTH ONLY
Virtualization Review,"Frost Radar: Global Holistic Web Protection Market, 2020",https://virtualizationreview.com/whitepapers/2021/03/cloudflare-frost-radar-global-holistic-web-protection-market-2020.aspx?tc=page0,cloudflare,White Paper,03.01.2021 MONTH ONLY
Virtualization Review,Office 365 Backup for Dummies,https://virtualizationreview.com/whitepapers/2021/03/isg-technology-office-365-backup-for-dummies.aspx?tc=page0,isg & Veeam/VeeamProPartner,White Paper,03.01.2021 MONTH ONLY
Virtualization Review,"The Forrester Wave™: DDoS Mitigation Solutions, Q1 2021",https://virtualizationreview.com/whitepapers/2021/03/cloudflare-the-forrester-wave-ddos-mitigation-solutions-q1-2021.aspx?tc=page0,cloudflare,White Paper,03.01.2021 MONTH ONLY
Virtualization Review,Network-Layer DDoS Attack Trends for Q4’20,https://virtualizationreview.com/whitepapers/2021/03/cloudflare-network-layer-ddos-attack-trends-for-q420.aspx?tc=page0,cloudflare,White Paper,03.01.2021 MONTH ONLY
Virtualization Review,Five Best practices for DDoS Mitigation,https://virtualizationreview.com/whitepapers/2021/03/cloudflare-five-best-practices-for-ddos-mitigation.aspx?tc=page0,cloudflare,White Paper,03.01.2021 MONTH ONLY
Virtualization Review,The death of network hardware appliances — and what it means for your cloud migration,https://virtualizationreview.com/whitepapers/2021/03/cloudflare-the-death-of-network-hardware-appliances-and-what-it-means-for-your-cloud-migration.aspx?tc=page0,cloudflare,White Paper,03.01.2021 MONTH ONLY
Virtualization Review,Disaster Recovery Plan,https://virtualizationreview.com/whitepapers/2021/03/storagepipe-solutions-disaster-recovery-plan-cq.aspx?tc=page0,storagepipe & veeam,White Paper,03.01.2021 MONTH ONLY
Virtualization Review,The Next-Generation Data Center - Five Steps to Digital Transformation,https://virtualizationreview.com/whitepapers/2021/02/evotek-the-next-generation-data-center-five-steps-to-digital-transformation.aspx?tc=page0,evotek,White Paper,02.01.2021 MONTH ONLY
